<pretty-config xmlns="http://ocpsoft.org/schema/rewrite-config-prettyfaces" 
  xmlns:xsi="http://www.w3.org/2001/XMLSchema-instance" 
  xsi:schemaLocation="http://ocpsoft.org/schema/rewrite-config-prettyfaces
                      http://ocpsoft.org/xml/ns/prettyfaces/rewrite-config-prettyfaces.xsd">

	<url-mapping id="home">
		<pattern value="/" />
		<view-id value="setups.xhtml" />
	</url-mapping>
	
	<url-mapping id="profile">
		<pattern value="/profile" />
		<view-id value="profile.xhtml" />
	</url-mapping>	
	
	<url-mapping id="newsetup">
		<pattern value="/newsetup" />
		<view-id value="setup_new.xhtml" />
	</url-mapping>	

</pretty-config>